,Timestamp,Year of joining the Firm ( Eg: 2016) ,Industry Domain,Type ,Firm CTC,Duration of Employment?,Satisfaction in your Company ,Ability to Grow in the industry ,Choice
0,2020/01/17 4:53:33 PM GMT+5:30,2018,,0,2,2 Years,Very Satisfied,Mid Growth,Higher Studies
1,2020/01/17 5:05:02 PM GMT+5:30,2018,,0,2,< 1 Year,Not Satisfied,Low Growth,Work
2,2020/01/17 5:33:24 PM GMT+5:30,2019,,0,1,< 1 Year,Very Satisfied,High Growth,Work
3,2020/01/17 5:49:48 PM GMT+5:30,2019,,0,3,< 1 Year,Satisfied,Mid Growth,Work
4,2020/01/17 5:49:49 PM GMT+5:30,2018,,0,2,2 Years,Very Satisfied,High Growth,Work
5,2020/01/17 5:54:50 PM GMT+5:30,2016,,1,3,< 1 Year,Very Satisfied,High Growth,Work
6,2020/01/17 6:13:46 PM GMT+5:30,2018,,0,3,1 Year,Very Satisfied,High Growth,Work
7,2020/01/17 6:14:23 PM GMT+5:30,2018,,0,2,1 Year,Satisfied,Mid Growth,Work
8,2020/01/17 6:15:06 PM GMT+5:30,2017,,0,2,2 Years,Very Satisfied,Mid Growth,Higher Studies
9,2020/01/17 6:34:58 PM GMT+5:30,2019,,0,3,1 Year,Very Satisfied,High Growth,Work
10,2020/01/17 6:39:31 PM GMT+5:30,2018,Automobile,0,3,1 Year,Satisfied,High Growth,Higher Studies
11,2020/01/17 6:48:12 PM GMT+5:30,2016,Computer Science,1,3,< 1 Year,Satisfied,Mid Growth,Higher Studies
12,2020/01/17 7:23:45 PM GMT+5:30,2014,Automotive,1,2,1 Year,Not Satisfied,High Growth,Work
13,2020/01/17 7:42:59 PM GMT+5:30,2018,Service,0,2,1 Year,Very Satisfied,High Growth,Higher Studies
14,2020/01/17 7:45:46 PM GMT+5:30,2018,Software Testing,0,2,< 1 Year,Not Satisfied,Low Growth,Higher Studies
15,2020/01/17 7:56:24 PM GMT+5:30,2016,Operation analyst,0,3,1 Year,Very Satisfied,High Growth,Higher Studies
16,2020/01/17 7:58:45 PM GMT+5:30,2018,Software,1,3,< 1 Year,Satisfied,Mid Growth,Higher Studies
17,2020/01/17 8:16:16 PM GMT+5:30,2018,Tech services,0,3,1 Year,Not Satisfied,Low Growth,Higher Studies
18,2020/01/17 8:16:54 PM GMT+5:30,2018,Tech Services,0,2,< 1 Year,Not Satisfied,Low Growth,Higher Studies
19,2020/01/17 10:10:34 PM GMT+5:30,2017,Automotive Industry,0,2,2 Years,Very Satisfied,Mid Growth,Higher Studies
20,2020/01/18 10:57:35 PM GMT+5:30,2019,It services,0,1,< 1 Year,Not Satisfied,Low Growth,Work
21,2020/01/18 10:59:50 PM GMT+5:30,2019,Information Technology,0,1,< 1 Year,Very Satisfied,High Growth,Work
22,2020/01/18 11:02:11 PM GMT+5:30,2019,Telecom/R&D,0,2,< 1 Year,Very Satisfied,High Growth,Work
23,2020/01/18 11:07:12 PM GMT+5:30,2015,Machine Learning,0,1,< 1 Year,Very Satisfied,High Growth,Work
24,2020/01/18 11:10:04 PM GMT+5:30,2019,Data Backup and Engineering Solutions,1,2,< 1 Year,Very Satisfied,High Growth,Work
25,2020/01/18 11:35:14 PM GMT+5:30,2019,Software,0,1,< 1 Year,Very Satisfied,High Growth,Work
26,2020/01/19 12:52:38 AM GMT+5:30,2019,Software,1,2,< 1 Year,Very Satisfied,High Growth,Work
27,2020/01/19 12:58:09 AM GMT+5:30,2015,"UI, BIGDATA",1,2,2 Years,Very Satisfied,High Growth,Work
28,2020/01/19 4:11:21 AM GMT+5:30,2019,Consulting ,1,1,< 1 Year,Very Satisfied,High Growth,Work
29,2020/01/19 7:55:41 AM GMT+5:30,2005,Banking,0,3,3 Years,Satisfied,High Growth,Higher Studies
30,2020/01/19 9:24:08 AM GMT+5:30,2019,Technology consulting,1,1,< 1 Year,Very Satisfied,High Growth,Work
31,2020/01/19 10:23:24 AM GMT+5:30,2019,IT,1,1,< 1 Year,Satisfied,High Growth,Work
32,2020/01/19 10:38:34 AM GMT+5:30,2019,Travel Tech,0,1,< 1 Year,Very Satisfied,High Growth,Work
33,2020/01/19 12:17:00 PM GMT+5:30,2019,Healthcare,0,2,< 1 Year,Very Satisfied,High Growth,Work
34,2020/01/19 1:04:11 PM GMT+5:30,2019,Web Scrapiny,1,2,< 1 Year,Satisfied,High Growth,Work
35,2020/01/19 1:08:38 PM GMT+5:30,2019,Networking,0,1,< 1 Year,Very Satisfied,High Growth,Work
36,2020/01/19 5:47:15 PM GMT+5:30,2019,Insurance Domain,0,2,2 Years,Not Satisfied,Low Growth,Higher Studies
37,2020/01/19 6:46:07 PM GMT+5:30,2019,Gaming,1,2,< 1 Year,Very Satisfied,High Growth,Work
38,2020/01/20 8:33:01 AM GMT+5:30,2019,IT,1,2,< 1 Year,Satisfied,Mid Growth,Higher Studies
39,2020/01/20 10:26:22 AM GMT+5:30,2016,Web development,1,3,< 1 Year,Very Satisfied,High Growth,Work
40,2020/01/20 10:29:11 AM GMT+5:30,2019,IT,1,3,< 1 Year,Satisfied,Mid Growth,Work
41,2020/01/20 5:02:22 PM GMT+5:30,2019,IT,1,2,> 3 Years,Very Satisfied,High Growth,Work
42,2020/01/20 11:06:36 PM GMT+5:30,2019,Telecom,1,1,< 1 Year,Very Satisfied,High Growth,Work
43,2020/01/22 1:13:06 AM GMT+5:30,2019,Healthcare,0,1,< 1 Year,Very Satisfied,High Growth,Work
44,2020/01/22 1:32:59 PM GMT+5:30,2019,Telecommunication,0,2,< 1 Year,Satisfied,Mid Growth,Work
45,2020/01/22 11:35:27 PM GMT+5:30,2019,Consulting,0,2,< 1 Year,Very Satisfied,High Growth,Work
46,2020/01/23 2:18:37 AM GMT+5:30,2019,Networking / Telecommunication,0,1,< 1 Year,Very Satisfied,High Growth,Work
47,2020/01/25 11:21:29 AM GMT+5:30,2019,IT,0,3,< 1 Year,Satisfied,Mid Growth,Work
48,2020/02/07 8:43:26 AM GMT+5:30,2019,IT,0,1,< 1 Year,Very Satisfied,High Growth,Work
49,2020/02/11 7:32:21 PM GMT+5:30,2019,IT,0,1,< 1 Year,Very Satisfied,High Growth,Work
50,2020/01/17 4:53:33 PM GMT+5:30,2018,,0,2,2 Years,Very Satisfied,Mid Growth,Higher Studies
51,2020/01/17 5:05:02 PM GMT+5:30,2018,,0,2,< 1 Year,Not Satisfied,Low Growth,Work
52,2020/01/17 5:33:24 PM GMT+5:30,2019,,0,1,< 1 Year,Very Satisfied,High Growth,Work
53,2020/01/17 5:49:48 PM GMT+5:30,2019,,0,3,< 1 Year,Satisfied,Mid Growth,Work
54,2020/01/17 5:49:49 PM GMT+5:30,2018,,0,2,2 Years,Very Satisfied,High Growth,Work
55,2020/01/17 5:54:50 PM GMT+5:30,2016,,1,3,< 1 Year,Very Satisfied,High Growth,Work
56,2020/01/17 6:13:46 PM GMT+5:30,2018,,0,3,1 Year,Very Satisfied,High Growth,Work
57,2020/01/17 6:14:23 PM GMT+5:30,2018,,0,2,1 Year,Satisfied,Mid Growth,Work
58,2020/01/17 6:15:06 PM GMT+5:30,2017,,0,2,2 Years,Very Satisfied,Mid Growth,Higher Studies
59,2020/01/17 6:34:58 PM GMT+5:30,2019,,0,3,1 Year,Very Satisfied,High Growth,Work
60,2020/01/17 6:39:31 PM GMT+5:30,2018,Automobile,0,3,1 Year,Satisfied,High Growth,Higher Studies
61,2020/01/17 6:48:12 PM GMT+5:30,2016,Computer Science,1,3,< 1 Year,Satisfied,Mid Growth,Higher Studies
62,2020/01/17 7:23:45 PM GMT+5:30,2014,Automotive,1,2,1 Year,Not Satisfied,High Growth,Work
63,2020/01/17 7:42:59 PM GMT+5:30,2018,Service,0,2,1 Year,Very Satisfied,High Growth,Higher Studies
64,2020/01/17 7:45:46 PM GMT+5:30,2018,Software Testing,0,2,< 1 Year,Not Satisfied,Low Growth,Higher Studies
65,2020/01/17 7:56:24 PM GMT+5:30,2016,Operation analyst,0,3,1 Year,Very Satisfied,High Growth,Higher Studies
66,2020/01/17 7:58:45 PM GMT+5:30,2018,Software,1,3,< 1 Year,Satisfied,Mid Growth,Higher Studies
67,2020/01/17 8:16:16 PM GMT+5:30,2018,Tech services,0,3,1 Year,Not Satisfied,Low Growth,Higher Studies
68,2020/01/17 8:16:54 PM GMT+5:30,2018,Tech Services,0,2,< 1 Year,Not Satisfied,Low Growth,Higher Studies
69,2020/01/17 10:10:34 PM GMT+5:30,2017,Automotive Industry,0,2,2 Years,Very Satisfied,Mid Growth,Higher Studies
70,2020/01/18 10:57:35 PM GMT+5:30,2019,It services,0,1,< 1 Year,Not Satisfied,Low Growth,Work
71,2020/01/18 10:59:50 PM GMT+5:30,2019,Information Technology,0,1,< 1 Year,Very Satisfied,High Growth,Work
72,2020/01/18 11:02:11 PM GMT+5:30,2019,Telecom/R&D,0,2,< 1 Year,Very Satisfied,High Growth,Work
73,2020/01/18 11:07:12 PM GMT+5:30,2015,Machine Learning,0,1,< 1 Year,Very Satisfied,High Growth,Work
74,2020/01/18 11:10:04 PM GMT+5:30,2019,Data Backup and Engineering Solutions,1,2,< 1 Year,Very Satisfied,High Growth,Work
75,2020/01/18 11:35:14 PM GMT+5:30,2019,Software,0,1,< 1 Year,Very Satisfied,High Growth,Work
76,2020/01/19 12:52:38 AM GMT+5:30,2019,Software,1,2,< 1 Year,Very Satisfied,High Growth,Work
77,2020/01/19 12:58:09 AM GMT+5:30,2015,"UI, BIGDATA",1,2,2 Years,Very Satisfied,High Growth,Work
78,2020/01/19 4:11:21 AM GMT+5:30,2019,Consulting ,1,1,< 1 Year,Very Satisfied,High Growth,Work
79,2020/01/19 7:55:41 AM GMT+5:30,2005,Banking,0,3,3 Years,Satisfied,High Growth,Higher Studies
80,2020/01/19 9:24:08 AM GMT+5:30,2019,Technology consulting,1,1,< 1 Year,Very Satisfied,High Growth,Work
81,2020/01/19 10:23:24 AM GMT+5:30,2019,IT,1,1,< 1 Year,Satisfied,High Growth,Work
82,2020/01/19 10:38:34 AM GMT+5:30,2019,Travel Tech,0,1,< 1 Year,Very Satisfied,High Growth,Work
83,2020/01/19 12:17:00 PM GMT+5:30,2019,Healthcare,0,2,< 1 Year,Very Satisfied,High Growth,Work
84,2020/01/19 1:04:11 PM GMT+5:30,2019,Web Scrapiny,1,2,< 1 Year,Satisfied,High Growth,Work
85,2020/01/19 1:08:38 PM GMT+5:30,2019,Networking,0,1,< 1 Year,Very Satisfied,High Growth,Work
86,2020/01/19 5:47:15 PM GMT+5:30,2019,Insurance Domain,0,2,2 Years,Not Satisfied,Low Growth,Higher Studies
87,2020/01/19 6:46:07 PM GMT+5:30,2019,Gaming,1,2,< 1 Year,Very Satisfied,High Growth,Work
88,2020/01/20 8:33:01 AM GMT+5:30,2019,IT,1,2,< 1 Year,Satisfied,Mid Growth,Higher Studies
89,2020/01/20 10:26:22 AM GMT+5:30,2016,Web development,1,3,< 1 Year,Very Satisfied,High Growth,Work
90,2020/01/20 10:29:11 AM GMT+5:30,2019,IT,1,3,< 1 Year,Satisfied,Mid Growth,Work
91,2020/01/20 5:02:22 PM GMT+5:30,2019,IT,1,2,> 3 Years,Very Satisfied,High Growth,Work
92,2020/01/20 11:06:36 PM GMT+5:30,2019,Telecom,1,1,< 1 Year,Very Satisfied,High Growth,Work
93,2020/01/22 1:13:06 AM GMT+5:30,2019,Healthcare,0,1,< 1 Year,Very Satisfied,High Growth,Work
94,2020/01/22 1:32:59 PM GMT+5:30,2019,Telecommunication,0,2,< 1 Year,Satisfied,Mid Growth,Work
95,2020/01/22 11:35:27 PM GMT+5:30,2019,Consulting,0,2,< 1 Year,Very Satisfied,High Growth,Work
96,2020/01/23 2:18:37 AM GMT+5:30,2019,Networking / Telecommunication,0,1,< 1 Year,Very Satisfied,High Growth,Work
97,2020/01/25 11:21:29 AM GMT+5:30,2019,IT,0,3,< 1 Year,Satisfied,Mid Growth,Work
98,2020/02/07 8:43:26 AM GMT+5:30,2019,IT,0,1,< 1 Year,Very Satisfied,High Growth,Work
99,2020/02/11 7:32:21 PM GMT+5:30,2019,IT,0,1,< 1 Year,Very Satisfied,High Growth,Work
100,2020/01/17 4:53:33 PM GMT+5:30,2018,,0,2,2 Years,Very Satisfied,Mid Growth,Higher Studies
101,2020/01/17 5:05:02 PM GMT+5:30,2018,,0,2,< 1 Year,Not Satisfied,Low Growth,Work
102,2020/01/17 5:33:24 PM GMT+5:30,2019,,0,1,< 1 Year,Very Satisfied,High Growth,Work
103,2020/01/17 5:49:48 PM GMT+5:30,2019,,0,3,< 1 Year,Satisfied,Mid Growth,Work
104,2020/01/17 5:49:49 PM GMT+5:30,2018,,0,2,2 Years,Very Satisfied,High Growth,Work
105,2020/01/17 5:54:50 PM GMT+5:30,2016,,1,3,< 1 Year,Very Satisfied,High Growth,Work
106,2020/01/17 6:13:46 PM GMT+5:30,2018,,0,3,1 Year,Very Satisfied,High Growth,Work
107,2020/01/17 6:14:23 PM GMT+5:30,2018,,0,2,1 Year,Satisfied,Mid Growth,Work
108,2020/01/17 6:15:06 PM GMT+5:30,2017,,0,2,2 Years,Very Satisfied,Mid Growth,Higher Studies
109,2020/01/17 6:34:58 PM GMT+5:30,2019,,0,3,1 Year,Very Satisfied,High Growth,Work
110,2020/01/17 6:39:31 PM GMT+5:30,2018,Automobile,0,3,1 Year,Satisfied,High Growth,Higher Studies
111,2020/01/17 6:48:12 PM GMT+5:30,2016,Computer Science,1,3,< 1 Year,Satisfied,Mid Growth,Higher Studies
112,2020/01/17 7:23:45 PM GMT+5:30,2014,Automotive,1,2,1 Year,Not Satisfied,High Growth,Work
113,2020/01/17 7:42:59 PM GMT+5:30,2018,Service,0,2,1 Year,Very Satisfied,High Growth,Higher Studies
114,2020/01/17 7:45:46 PM GMT+5:30,2018,Software Testing,0,2,< 1 Year,Not Satisfied,Low Growth,Higher Studies
115,2020/01/17 7:56:24 PM GMT+5:30,2016,Operation analyst,0,3,1 Year,Very Satisfied,High Growth,Higher Studies
116,2020/01/17 7:58:45 PM GMT+5:30,2018,Software,1,3,< 1 Year,Satisfied,Mid Growth,Higher Studies
117,2020/01/17 8:16:16 PM GMT+5:30,2018,Tech services,0,3,1 Year,Not Satisfied,Low Growth,Higher Studies
118,2020/01/17 8:16:54 PM GMT+5:30,2018,Tech Services,0,2,< 1 Year,Not Satisfied,Low Growth,Higher Studies
119,2020/01/17 10:10:34 PM GMT+5:30,2017,Automotive Industry,0,2,2 Years,Very Satisfied,Mid Growth,Higher Studies
120,2020/01/18 10:57:35 PM GMT+5:30,2019,It services,0,1,< 1 Year,Not Satisfied,Low Growth,Work
121,2020/01/18 10:59:50 PM GMT+5:30,2019,Information Technology,0,1,< 1 Year,Very Satisfied,High Growth,Work
122,2020/01/18 11:02:11 PM GMT+5:30,2019,Telecom/R&D,0,2,< 1 Year,Very Satisfied,High Growth,Work
123,2020/01/18 11:07:12 PM GMT+5:30,2015,Machine Learning,0,1,< 1 Year,Very Satisfied,High Growth,Work
124,2020/01/18 11:10:04 PM GMT+5:30,2019,Data Backup and Engineering Solutions,1,2,< 1 Year,Very Satisfied,High Growth,Work
125,2020/01/18 11:35:14 PM GMT+5:30,2019,Software,0,1,< 1 Year,Very Satisfied,High Growth,Work
126,2020/01/19 12:52:38 AM GMT+5:30,2019,Software,1,2,< 1 Year,Very Satisfied,High Growth,Work
127,2020/01/19 12:58:09 AM GMT+5:30,2015,"UI, BIGDATA",1,2,2 Years,Very Satisfied,High Growth,Work
128,2020/01/19 4:11:21 AM GMT+5:30,2019,Consulting ,1,1,< 1 Year,Very Satisfied,High Growth,Work
129,2020/01/19 7:55:41 AM GMT+5:30,2005,Banking,0,3,3 Years,Satisfied,High Growth,Higher Studies
130,2020/01/19 9:24:08 AM GMT+5:30,2019,Technology consulting,1,1,< 1 Year,Very Satisfied,High Growth,Work
131,2020/01/19 10:23:24 AM GMT+5:30,2019,IT,1,1,< 1 Year,Satisfied,High Growth,Work
132,2020/01/19 10:38:34 AM GMT+5:30,2019,Travel Tech,0,1,< 1 Year,Very Satisfied,High Growth,Work
133,2020/01/19 12:17:00 PM GMT+5:30,2019,Healthcare,0,2,< 1 Year,Very Satisfied,High Growth,Work
134,2020/01/19 1:04:11 PM GMT+5:30,2019,Web Scrapiny,1,2,< 1 Year,Satisfied,High Growth,Work
135,2020/01/19 1:08:38 PM GMT+5:30,2019,Networking,0,1,< 1 Year,Very Satisfied,High Growth,Work
136,2020/01/19 5:47:15 PM GMT+5:30,2019,Insurance Domain,0,2,2 Years,Not Satisfied,Low Growth,Higher Studies
137,2020/01/19 6:46:07 PM GMT+5:30,2019,Gaming,1,2,< 1 Year,Very Satisfied,High Growth,Work
138,2020/01/20 8:33:01 AM GMT+5:30,2019,IT,1,2,< 1 Year,Satisfied,Mid Growth,Higher Studies
139,2020/01/20 10:26:22 AM GMT+5:30,2016,Web development,1,3,< 1 Year,Very Satisfied,High Growth,Work
140,2020/01/20 10:29:11 AM GMT+5:30,2019,IT,1,3,< 1 Year,Satisfied,Mid Growth,Work
141,2020/01/20 5:02:22 PM GMT+5:30,2019,IT,1,2,> 3 Years,Very Satisfied,High Growth,Work
142,2020/01/20 11:06:36 PM GMT+5:30,2019,Telecom,1,1,< 1 Year,Very Satisfied,High Growth,Work
143,2020/01/22 1:13:06 AM GMT+5:30,2019,Healthcare,0,1,< 1 Year,Very Satisfied,High Growth,Work
144,2020/01/22 1:32:59 PM GMT+5:30,2019,Telecommunication,0,2,< 1 Year,Satisfied,Mid Growth,Work
145,2020/01/22 11:35:27 PM GMT+5:30,2019,Consulting,0,2,< 1 Year,Very Satisfied,High Growth,Work
146,2020/01/23 2:18:37 AM GMT+5:30,2019,Networking / Telecommunication,0,1,< 1 Year,Very Satisfied,High Growth,Work
147,2020/01/25 11:21:29 AM GMT+5:30,2019,IT,0,3,< 1 Year,Satisfied,Mid Growth,Work
148,2020/02/07 8:43:26 AM GMT+5:30,2019,IT,0,1,< 1 Year,Very Satisfied,High Growth,Work
149,2020/02/11 7:32:21 PM GMT+5:30,2019,IT,0,1,< 1 Year,Very Satisfied,High Growth,Work
150,2020/01/17 4:53:33 PM GMT+5:30,2018,,0,2,2 Years,Very Satisfied,Mid Growth,Higher Studies
151,2020/01/17 5:05:02 PM GMT+5:30,2018,,0,2,< 1 Year,Not Satisfied,Low Growth,Work
152,2020/01/17 5:33:24 PM GMT+5:30,2019,,0,1,< 1 Year,Very Satisfied,High Growth,Work
153,2020/01/17 5:49:48 PM GMT+5:30,2019,,0,3,< 1 Year,Satisfied,Mid Growth,Work
154,2020/01/17 5:49:49 PM GMT+5:30,2018,,0,2,2 Years,Very Satisfied,High Growth,Work
155,2020/01/17 5:54:50 PM GMT+5:30,2016,,1,3,< 1 Year,Very Satisfied,High Growth,Work
156,2020/01/17 6:13:46 PM GMT+5:30,2018,,0,3,1 Year,Very Satisfied,High Growth,Work
157,2020/01/17 6:14:23 PM GMT+5:30,2018,,0,2,1 Year,Satisfied,Mid Growth,Work
158,2020/01/17 6:15:06 PM GMT+5:30,2017,,0,2,2 Years,Very Satisfied,Mid Growth,Higher Studies
159,2020/01/17 6:34:58 PM GMT+5:30,2019,,0,3,1 Year,Very Satisfied,High Growth,Work
160,2020/01/17 6:39:31 PM GMT+5:30,2018,Automobile,0,3,1 Year,Satisfied,High Growth,Higher Studies
161,2020/01/17 6:48:12 PM GMT+5:30,2016,Computer Science,1,3,< 1 Year,Satisfied,Mid Growth,Higher Studies
162,2020/01/17 7:23:45 PM GMT+5:30,2014,Automotive,1,2,1 Year,Not Satisfied,High Growth,Work
163,2020/01/17 7:42:59 PM GMT+5:30,2018,Service,0,2,1 Year,Very Satisfied,High Growth,Higher Studies
164,2020/01/17 7:45:46 PM GMT+5:30,2018,Software Testing,0,2,< 1 Year,Not Satisfied,Low Growth,Higher Studies
165,2020/01/17 7:56:24 PM GMT+5:30,2016,Operation analyst,0,3,1 Year,Very Satisfied,High Growth,Higher Studies
166,2020/01/17 7:58:45 PM GMT+5:30,2018,Software,1,3,< 1 Year,Satisfied,Mid Growth,Higher Studies
167,2020/01/17 8:16:16 PM GMT+5:30,2018,Tech services,0,3,1 Year,Not Satisfied,Low Growth,Higher Studies
168,2020/01/17 8:16:54 PM GMT+5:30,2018,Tech Services,0,2,< 1 Year,Not Satisfied,Low Growth,Higher Studies
169,2020/01/17 10:10:34 PM GMT+5:30,2017,Automotive Industry,0,2,2 Years,Very Satisfied,Mid Growth,Higher Studies
170,2020/01/18 10:57:35 PM GMT+5:30,2019,It services,0,1,< 1 Year,Not Satisfied,Low Growth,Work
171,2020/01/18 10:59:50 PM GMT+5:30,2019,Information Technology,0,1,< 1 Year,Very Satisfied,High Growth,Work
172,2020/01/18 11:02:11 PM GMT+5:30,2019,Telecom/R&D,0,2,< 1 Year,Very Satisfied,High Growth,Work
173,2020/01/18 11:07:12 PM GMT+5:30,2015,Machine Learning,0,1,< 1 Year,Very Satisfied,High Growth,Work
174,2020/01/18 11:10:04 PM GMT+5:30,2019,Data Backup and Engineering Solutions,1,2,< 1 Year,Very Satisfied,High Growth,Work
175,2020/01/18 11:35:14 PM GMT+5:30,2019,Software,0,1,< 1 Year,Very Satisfied,High Growth,Work
176,2020/01/19 12:52:38 AM GMT+5:30,2019,Software,1,2,< 1 Year,Very Satisfied,High Growth,Work
177,2020/01/19 12:58:09 AM GMT+5:30,2015,"UI, BIGDATA",1,2,2 Years,Very Satisfied,High Growth,Work
178,2020/01/19 4:11:21 AM GMT+5:30,2019,Consulting ,1,1,< 1 Year,Very Satisfied,High Growth,Work
179,2020/01/19 7:55:41 AM GMT+5:30,2005,Banking,0,3,3 Years,Satisfied,High Growth,Higher Studies
180,2020/01/19 9:24:08 AM GMT+5:30,2019,Technology consulting,1,1,< 1 Year,Very Satisfied,High Growth,Work
181,2020/01/19 10:23:24 AM GMT+5:30,2019,IT,1,1,< 1 Year,Satisfied,High Growth,Work
182,2020/01/19 10:38:34 AM GMT+5:30,2019,Travel Tech,0,1,< 1 Year,Very Satisfied,High Growth,Work
183,2020/01/19 12:17:00 PM GMT+5:30,2019,Healthcare,0,2,< 1 Year,Very Satisfied,High Growth,Work
184,2020/01/19 1:04:11 PM GMT+5:30,2019,Web Scrapiny,1,2,< 1 Year,Satisfied,High Growth,Work
185,2020/01/19 1:08:38 PM GMT+5:30,2019,Networking,0,1,< 1 Year,Very Satisfied,High Growth,Work
186,2020/01/19 5:47:15 PM GMT+5:30,2019,Insurance Domain,0,2,2 Years,Not Satisfied,Low Growth,Higher Studies
187,2020/01/19 6:46:07 PM GMT+5:30,2019,Gaming,1,2,< 1 Year,Very Satisfied,High Growth,Work
188,2020/01/20 8:33:01 AM GMT+5:30,2019,IT,1,2,< 1 Year,Satisfied,Mid Growth,Higher Studies
189,2020/01/20 10:26:22 AM GMT+5:30,2016,Web development,1,3,< 1 Year,Very Satisfied,High Growth,Work
190,2020/01/20 10:29:11 AM GMT+5:30,2019,IT,1,3,< 1 Year,Satisfied,Mid Growth,Work
191,2020/01/20 5:02:22 PM GMT+5:30,2019,IT,1,2,> 3 Years,Very Satisfied,High Growth,Work
192,2020/01/20 11:06:36 PM GMT+5:30,2019,Telecom,1,1,< 1 Year,Very Satisfied,High Growth,Work
193,2020/01/22 1:13:06 AM GMT+5:30,2019,Healthcare,0,1,< 1 Year,Very Satisfied,High Growth,Work
194,2020/01/22 1:32:59 PM GMT+5:30,2019,Telecommunication,0,2,< 1 Year,Satisfied,Mid Growth,Work
195,2020/01/22 11:35:27 PM GMT+5:30,2019,Consulting,0,2,< 1 Year,Very Satisfied,High Growth,Work
196,2020/01/23 2:18:37 AM GMT+5:30,2019,Networking / Telecommunication,0,1,< 1 Year,Very Satisfied,High Growth,Work
197,2020/01/25 11:21:29 AM GMT+5:30,2019,IT,0,3,< 1 Year,Satisfied,Mid Growth,Work
198,2020/02/07 8:43:26 AM GMT+5:30,2019,IT,0,1,< 1 Year,Very Satisfied,High Growth,Work
199,2020/02/11 7:32:21 PM GMT+5:30,2019,IT,0,1,< 1 Year,Very Satisfied,High Growth,Work
200,2020/01/17 4:53:33 PM GMT+5:30,2018,,0,2,2 Years,Very Satisfied,Mid Growth,Higher Studies
201,2020/01/17 5:05:02 PM GMT+5:30,2018,,0,2,< 1 Year,Not Satisfied,Low Growth,Work
202,2020/01/17 5:33:24 PM GMT+5:30,2019,,0,1,< 1 Year,Very Satisfied,High Growth,Work
203,2020/01/17 5:49:48 PM GMT+5:30,2019,,0,3,< 1 Year,Satisfied,Mid Growth,Work
204,2020/01/17 5:49:49 PM GMT+5:30,2018,,0,2,2 Years,Very Satisfied,High Growth,Work
205,2020/01/17 5:54:50 PM GMT+5:30,2016,,1,3,< 1 Year,Very Satisfied,High Growth,Work
206,2020/01/17 6:13:46 PM GMT+5:30,2018,,0,3,1 Year,Very Satisfied,High Growth,Work
207,2020/01/17 6:14:23 PM GMT+5:30,2018,,0,2,1 Year,Satisfied,Mid Growth,Work
208,2020/01/17 6:15:06 PM GMT+5:30,2017,,0,2,2 Years,Very Satisfied,Mid Growth,Higher Studies
209,2020/01/17 6:34:58 PM GMT+5:30,2019,,0,3,1 Year,Very Satisfied,High Growth,Work
210,2020/01/17 6:39:31 PM GMT+5:30,2018,Automobile,0,3,1 Year,Satisfied,High Growth,Higher Studies
211,2020/01/17 6:48:12 PM GMT+5:30,2016,Computer Science,1,3,< 1 Year,Satisfied,Mid Growth,Higher Studies
212,2020/01/17 7:23:45 PM GMT+5:30,2014,Automotive,1,2,1 Year,Not Satisfied,High Growth,Work
213,2020/01/17 7:42:59 PM GMT+5:30,2018,Service,0,2,1 Year,Very Satisfied,High Growth,Higher Studies
214,2020/01/17 7:45:46 PM GMT+5:30,2018,Software Testing,0,2,< 1 Year,Not Satisfied,Low Growth,Higher Studies
215,2020/01/17 7:56:24 PM GMT+5:30,2016,Operation analyst,0,3,1 Year,Very Satisfied,High Growth,Higher Studies
216,2020/01/17 7:58:45 PM GMT+5:30,2018,Software,1,3,< 1 Year,Satisfied,Mid Growth,Higher Studies
217,2020/01/17 8:16:16 PM GMT+5:30,2018,Tech services,0,3,1 Year,Not Satisfied,Low Growth,Higher Studies
218,2020/01/17 8:16:54 PM GMT+5:30,2018,Tech Services,0,2,< 1 Year,Not Satisfied,Low Growth,Higher Studies
219,2020/01/17 10:10:34 PM GMT+5:30,2017,Automotive Industry,0,2,2 Years,Very Satisfied,Mid Growth,Higher Studies
220,2020/01/18 10:57:35 PM GMT+5:30,2019,It services,0,1,< 1 Year,Not Satisfied,Low Growth,Work
221,2020/01/18 10:59:50 PM GMT+5:30,2019,Information Technology,0,1,< 1 Year,Very Satisfied,High Growth,Work
222,2020/01/18 11:02:11 PM GMT+5:30,2019,Telecom/R&D,0,2,< 1 Year,Very Satisfied,High Growth,Work
223,2020/01/18 11:07:12 PM GMT+5:30,2015,Machine Learning,0,1,< 1 Year,Very Satisfied,High Growth,Work
224,2020/01/18 11:10:04 PM GMT+5:30,2019,Data Backup and Engineering Solutions,1,2,< 1 Year,Very Satisfied,High Growth,Work
225,2020/01/18 11:35:14 PM GMT+5:30,2019,Software,0,1,< 1 Year,Very Satisfied,High Growth,Work
226,2020/01/19 12:52:38 AM GMT+5:30,2019,Software,1,2,< 1 Year,Very Satisfied,High Growth,Work
227,2020/01/19 12:58:09 AM GMT+5:30,2015,"UI, BIGDATA",1,2,2 Years,Very Satisfied,High Growth,Work
228,2020/01/19 4:11:21 AM GMT+5:30,2019,Consulting ,1,1,< 1 Year,Very Satisfied,High Growth,Work
229,2020/01/19 7:55:41 AM GMT+5:30,2005,Banking,0,3,3 Years,Satisfied,High Growth,Higher Studies
230,2020/01/19 9:24:08 AM GMT+5:30,2019,Technology consulting,1,1,< 1 Year,Very Satisfied,High Growth,Work
231,2020/01/19 10:23:24 AM GMT+5:30,2019,IT,1,1,< 1 Year,Satisfied,High Growth,Work
232,2020/01/19 10:38:34 AM GMT+5:30,2019,Travel Tech,0,1,< 1 Year,Very Satisfied,High Growth,Work
233,2020/01/19 12:17:00 PM GMT+5:30,2019,Healthcare,0,2,< 1 Year,Very Satisfied,High Growth,Work
234,2020/01/19 1:04:11 PM GMT+5:30,2019,Web Scrapiny,1,2,< 1 Year,Satisfied,High Growth,Work
235,2020/01/19 1:08:38 PM GMT+5:30,2019,Networking,0,1,< 1 Year,Very Satisfied,High Growth,Work
236,2020/01/19 5:47:15 PM GMT+5:30,2019,Insurance Domain,0,2,2 Years,Not Satisfied,Low Growth,Higher Studies
237,2020/01/19 6:46:07 PM GMT+5:30,2019,Gaming,1,2,< 1 Year,Very Satisfied,High Growth,Work
238,2020/01/20 8:33:01 AM GMT+5:30,2019,IT,1,2,< 1 Year,Satisfied,Mid Growth,Higher Studies
239,2020/01/20 10:26:22 AM GMT+5:30,2016,Web development,1,3,< 1 Year,Very Satisfied,High Growth,Work
240,2020/01/20 10:29:11 AM GMT+5:30,2019,IT,1,3,< 1 Year,Satisfied,Mid Growth,Work
241,2020/01/20 5:02:22 PM GMT+5:30,2019,IT,1,2,> 3 Years,Very Satisfied,High Growth,Work
242,2020/01/20 11:06:36 PM GMT+5:30,2019,Telecom,1,1,< 1 Year,Very Satisfied,High Growth,Work
243,2020/01/22 1:13:06 AM GMT+5:30,2019,Healthcare,0,1,< 1 Year,Very Satisfied,High Growth,Work
244,2020/01/22 1:32:59 PM GMT+5:30,2019,Telecommunication,0,2,< 1 Year,Satisfied,Mid Growth,Work
245,2020/01/22 11:35:27 PM GMT+5:30,2019,Consulting,0,2,< 1 Year,Very Satisfied,High Growth,Work
246,2020/01/23 2:18:37 AM GMT+5:30,2019,Networking / Telecommunication,0,1,< 1 Year,Very Satisfied,High Growth,Work
247,2020/01/25 11:21:29 AM GMT+5:30,2019,IT,0,3,< 1 Year,Satisfied,Mid Growth,Work
248,2020/02/07 8:43:26 AM GMT+5:30,2019,IT,0,1,< 1 Year,Very Satisfied,High Growth,Work
249,2020/02/11 7:32:21 PM GMT+5:30,2019,IT,0,1,< 1 Year,Very Satisfied,High Growth,Work
250,2020/01/17 4:53:33 PM GMT+5:30,2018,,0,2,2 Years,Very Satisfied,Mid Growth,Higher Studies
251,2020/01/17 5:05:02 PM GMT+5:30,2018,,0,2,< 1 Year,Not Satisfied,Low Growth,Work
252,2020/01/17 5:33:24 PM GMT+5:30,2019,,0,1,< 1 Year,Very Satisfied,High Growth,Work
253,2020/01/17 5:49:48 PM GMT+5:30,2019,,0,3,< 1 Year,Satisfied,Mid Growth,Work
254,2020/01/17 5:49:49 PM GMT+5:30,2018,,0,2,2 Years,Very Satisfied,High Growth,Work
255,2020/01/17 5:54:50 PM GMT+5:30,2016,,1,3,< 1 Year,Very Satisfied,High Growth,Work
256,2020/01/17 6:13:46 PM GMT+5:30,2018,,0,3,1 Year,Very Satisfied,High Growth,Work
257,2020/01/17 6:14:23 PM GMT+5:30,2018,,0,2,1 Year,Satisfied,Mid Growth,Work
258,2020/01/17 6:15:06 PM GMT+5:30,2017,,0,2,2 Years,Very Satisfied,Mid Growth,Higher Studies
259,2020/01/17 6:34:58 PM GMT+5:30,2019,,0,3,1 Year,Very Satisfied,High Growth,Work
260,2020/01/17 6:39:31 PM GMT+5:30,2018,Automobile,0,3,1 Year,Satisfied,High Growth,Higher Studies
261,2020/01/17 6:48:12 PM GMT+5:30,2016,Computer Science,1,3,< 1 Year,Satisfied,Mid Growth,Higher Studies
262,2020/01/17 7:23:45 PM GMT+5:30,2014,Automotive,1,2,1 Year,Not Satisfied,High Growth,Work
263,2020/01/17 7:42:59 PM GMT+5:30,2018,Service,0,2,1 Year,Very Satisfied,High Growth,Higher Studies
264,2020/01/17 7:45:46 PM GMT+5:30,2018,Software Testing,0,2,< 1 Year,Not Satisfied,Low Growth,Higher Studies
265,2020/01/17 7:56:24 PM GMT+5:30,2016,Operation analyst,0,3,1 Year,Very Satisfied,High Growth,Higher Studies
266,2020/01/17 7:58:45 PM GMT+5:30,2018,Software,1,3,< 1 Year,Satisfied,Mid Growth,Higher Studies
267,2020/01/17 8:16:16 PM GMT+5:30,2018,Tech services,0,3,1 Year,Not Satisfied,Low Growth,Higher Studies
268,2020/01/17 8:16:54 PM GMT+5:30,2018,Tech Services,0,2,< 1 Year,Not Satisfied,Low Growth,Higher Studies
269,2020/01/17 10:10:34 PM GMT+5:30,2017,Automotive Industry,0,2,2 Years,Very Satisfied,Mid Growth,Higher Studies
270,2020/01/18 10:57:35 PM GMT+5:30,2019,It services,0,1,< 1 Year,Not Satisfied,Low Growth,Work
271,2020/01/18 10:59:50 PM GMT+5:30,2019,Information Technology,0,1,< 1 Year,Very Satisfied,High Growth,Work
272,2020/01/18 11:02:11 PM GMT+5:30,2019,Telecom/R&D,0,2,< 1 Year,Very Satisfied,High Growth,Work
273,2020/01/18 11:07:12 PM GMT+5:30,2015,Machine Learning,0,1,< 1 Year,Very Satisfied,High Growth,Work
274,2020/01/18 11:10:04 PM GMT+5:30,2019,Data Backup and Engineering Solutions,1,2,< 1 Year,Very Satisfied,High Growth,Work
275,2020/01/18 11:35:14 PM GMT+5:30,2019,Software,0,1,< 1 Year,Very Satisfied,High Growth,Work
276,2020/01/19 12:52:38 AM GMT+5:30,2019,Software,1,2,< 1 Year,Very Satisfied,High Growth,Work
277,2020/01/19 12:58:09 AM GMT+5:30,2015,"UI, BIGDATA",1,2,2 Years,Very Satisfied,High Growth,Work
278,2020/01/19 4:11:21 AM GMT+5:30,2019,Consulting ,1,1,< 1 Year,Very Satisfied,High Growth,Work
279,2020/01/19 7:55:41 AM GMT+5:30,2005,Banking,0,3,3 Years,Satisfied,High Growth,Higher Studies
280,2020/01/19 9:24:08 AM GMT+5:30,2019,Technology consulting,1,1,< 1 Year,Very Satisfied,High Growth,Work
281,2020/01/19 10:23:24 AM GMT+5:30,2019,IT,1,1,< 1 Year,Satisfied,High Growth,Work
282,2020/01/19 10:38:34 AM GMT+5:30,2019,Travel Tech,0,1,< 1 Year,Very Satisfied,High Growth,Work
283,2020/01/19 12:17:00 PM GMT+5:30,2019,Healthcare,0,2,< 1 Year,Very Satisfied,High Growth,Work
284,2020/01/19 1:04:11 PM GMT+5:30,2019,Web Scrapiny,1,2,< 1 Year,Satisfied,High Growth,Work
285,2020/01/19 1:08:38 PM GMT+5:30,2019,Networking,0,1,< 1 Year,Very Satisfied,High Growth,Work
286,2020/01/19 5:47:15 PM GMT+5:30,2019,Insurance Domain,0,2,2 Years,Not Satisfied,Low Growth,Higher Studies
287,2020/01/19 6:46:07 PM GMT+5:30,2019,Gaming,1,2,< 1 Year,Very Satisfied,High Growth,Work
288,2020/01/20 8:33:01 AM GMT+5:30,2019,IT,1,2,< 1 Year,Satisfied,Mid Growth,Higher Studies
289,2020/01/20 10:26:22 AM GMT+5:30,2016,Web development,1,3,< 1 Year,Very Satisfied,High Growth,Work
290,2020/01/20 10:29:11 AM GMT+5:30,2019,IT,1,3,< 1 Year,Satisfied,Mid Growth,Work
291,2020/01/20 5:02:22 PM GMT+5:30,2019,IT,1,2,> 3 Years,Very Satisfied,High Growth,Work
292,2020/01/20 11:06:36 PM GMT+5:30,2019,Telecom,1,1,< 1 Year,Very Satisfied,High Growth,Work
293,2020/01/22 1:13:06 AM GMT+5:30,2019,Healthcare,0,1,< 1 Year,Very Satisfied,High Growth,Work
294,2020/01/22 1:32:59 PM GMT+5:30,2019,Telecommunication,0,2,< 1 Year,Satisfied,Mid Growth,Work
295,2020/01/22 11:35:27 PM GMT+5:30,2019,Consulting,0,2,< 1 Year,Very Satisfied,High Growth,Work
296,2020/01/23 2:18:37 AM GMT+5:30,2019,Networking / Telecommunication,0,1,< 1 Year,Very Satisfied,High Growth,Work
297,2020/01/25 11:21:29 AM GMT+5:30,2019,IT,0,3,< 1 Year,Satisfied,Mid Growth,Work
298,2020/02/07 8:43:26 AM GMT+5:30,2019,IT,0,1,< 1 Year,Very Satisfied,High Growth,Work
299,2020/02/11 7:32:21 PM GMT+5:30,2019,IT,0,1,< 1 Year,Very Satisfied,High Growth,Work
300,2020/01/17 4:53:33 PM GMT+5:30,2018,,0,2,2 Years,Very Satisfied,Mid Growth,Higher Studies
301,2020/01/17 5:05:02 PM GMT+5:30,2018,,0,2,< 1 Year,Not Satisfied,Low Growth,Work
302,2020/01/17 5:33:24 PM GMT+5:30,2019,,0,1,< 1 Year,Very Satisfied,High Growth,Work
303,2020/01/17 5:49:48 PM GMT+5:30,2019,,0,3,< 1 Year,Satisfied,Mid Growth,Work
304,2020/01/17 5:49:49 PM GMT+5:30,2018,,0,2,2 Years,Very Satisfied,High Growth,Work
305,2020/01/17 5:54:50 PM GMT+5:30,2016,,1,3,< 1 Year,Very Satisfied,High Growth,Work
306,2020/01/17 6:13:46 PM GMT+5:30,2018,,0,3,1 Year,Very Satisfied,High Growth,Work
307,2020/01/17 6:14:23 PM GMT+5:30,2018,,0,2,1 Year,Satisfied,Mid Growth,Work
308,2020/01/17 6:15:06 PM GMT+5:30,2017,,0,2,2 Years,Very Satisfied,Mid Growth,Higher Studies
309,2020/01/17 6:34:58 PM GMT+5:30,2019,,0,3,1 Year,Very Satisfied,High Growth,Work
310,2020/01/17 6:39:31 PM GMT+5:30,2018,Automobile,0,3,1 Year,Satisfied,High Growth,Higher Studies
311,2020/01/17 6:48:12 PM GMT+5:30,2016,Computer Science,1,3,< 1 Year,Satisfied,Mid Growth,Higher Studies
312,2020/01/17 7:23:45 PM GMT+5:30,2014,Automotive,1,2,1 Year,Not Satisfied,High Growth,Work
313,2020/01/17 7:42:59 PM GMT+5:30,2018,Service,0,2,1 Year,Very Satisfied,High Growth,Higher Studies
314,2020/01/17 7:45:46 PM GMT+5:30,2018,Software Testing,0,2,< 1 Year,Not Satisfied,Low Growth,Higher Studies
315,2020/01/17 7:56:24 PM GMT+5:30,2016,Operation analyst,0,3,1 Year,Very Satisfied,High Growth,Higher Studies
316,2020/01/17 7:58:45 PM GMT+5:30,2018,Software,1,3,< 1 Year,Satisfied,Mid Growth,Higher Studies
317,2020/01/17 8:16:16 PM GMT+5:30,2018,Tech services,0,3,1 Year,Not Satisfied,Low Growth,Higher Studies
318,2020/01/17 8:16:54 PM GMT+5:30,2018,Tech Services,0,2,< 1 Year,Not Satisfied,Low Growth,Higher Studies
319,2020/01/17 10:10:34 PM GMT+5:30,2017,Automotive Industry,0,2,2 Years,Very Satisfied,Mid Growth,Higher Studies
320,2020/01/18 10:57:35 PM GMT+5:30,2019,It services,0,1,< 1 Year,Not Satisfied,Low Growth,Work
321,2020/01/18 10:59:50 PM GMT+5:30,2019,Information Technology,0,1,< 1 Year,Very Satisfied,High Growth,Work
322,2020/01/18 11:02:11 PM GMT+5:30,2019,Telecom/R&D,0,2,< 1 Year,Very Satisfied,High Growth,Work
323,2020/01/18 11:07:12 PM GMT+5:30,2015,Machine Learning,0,1,< 1 Year,Very Satisfied,High Growth,Work
324,2020/01/18 11:10:04 PM GMT+5:30,2019,Data Backup and Engineering Solutions,1,2,< 1 Year,Very Satisfied,High Growth,Work
325,2020/01/18 11:35:14 PM GMT+5:30,2019,Software,0,1,< 1 Year,Very Satisfied,High Growth,Work
326,2020/01/19 12:52:38 AM GMT+5:30,2019,Software,1,2,< 1 Year,Very Satisfied,High Growth,Work
327,2020/01/19 12:58:09 AM GMT+5:30,2015,"UI, BIGDATA",1,2,2 Years,Very Satisfied,High Growth,Work
328,2020/01/19 4:11:21 AM GMT+5:30,2019,Consulting ,1,1,< 1 Year,Very Satisfied,High Growth,Work
329,2020/01/19 7:55:41 AM GMT+5:30,2005,Banking,0,3,3 Years,Satisfied,High Growth,Higher Studies
330,2020/01/19 9:24:08 AM GMT+5:30,2019,Technology consulting,1,1,< 1 Year,Very Satisfied,High Growth,Work
331,2020/01/19 10:23:24 AM GMT+5:30,2019,IT,1,1,< 1 Year,Satisfied,High Growth,Work
332,2020/01/19 10:38:34 AM GMT+5:30,2019,Travel Tech,0,1,< 1 Year,Very Satisfied,High Growth,Work
333,2020/01/19 12:17:00 PM GMT+5:30,2019,Healthcare,0,2,< 1 Year,Very Satisfied,High Growth,Work
334,2020/01/19 1:04:11 PM GMT+5:30,2019,Web Scrapiny,1,2,< 1 Year,Satisfied,High Growth,Work
335,2020/01/19 1:08:38 PM GMT+5:30,2019,Networking,0,1,< 1 Year,Very Satisfied,High Growth,Work
336,2020/01/19 5:47:15 PM GMT+5:30,2019,Insurance Domain,0,2,2 Years,Not Satisfied,Low Growth,Higher Studies
337,2020/01/19 6:46:07 PM GMT+5:30,2019,Gaming,1,2,< 1 Year,Very Satisfied,High Growth,Work
338,2020/01/20 8:33:01 AM GMT+5:30,2019,IT,1,2,< 1 Year,Satisfied,Mid Growth,Higher Studies
339,2020/01/20 10:26:22 AM GMT+5:30,2016,Web development,1,3,< 1 Year,Very Satisfied,High Growth,Work
340,2020/01/20 10:29:11 AM GMT+5:30,2019,IT,1,3,< 1 Year,Satisfied,Mid Growth,Work
341,2020/01/20 5:02:22 PM GMT+5:30,2019,IT,1,2,> 3 Years,Very Satisfied,High Growth,Work
342,2020/01/20 11:06:36 PM GMT+5:30,2019,Telecom,1,1,< 1 Year,Very Satisfied,High Growth,Work
343,2020/01/22 1:13:06 AM GMT+5:30,2019,Healthcare,0,1,< 1 Year,Very Satisfied,High Growth,Work
344,2020/01/22 1:32:59 PM GMT+5:30,2019,Telecommunication,0,2,< 1 Year,Satisfied,Mid Growth,Work
345,2020/01/22 11:35:27 PM GMT+5:30,2019,Consulting,0,2,< 1 Year,Very Satisfied,High Growth,Work
346,2020/01/23 2:18:37 AM GMT+5:30,2019,Networking / Telecommunication,0,1,< 1 Year,Very Satisfied,High Growth,Work
347,2020/01/25 11:21:29 AM GMT+5:30,2019,IT,0,3,< 1 Year,Satisfied,Mid Growth,Work
348,2020/02/07 8:43:26 AM GMT+5:30,2019,IT,0,1,< 1 Year,Very Satisfied,High Growth,Work
349,2020/02/11 7:32:21 PM GMT+5:30,2019,IT,0,1,< 1 Year,Very Satisfied,High Growth,Work
350,2020/01/17 4:53:33 PM GMT+5:30,2018,,0,2,2 Years,Very Satisfied,Mid Growth,Higher Studies
351,2020/01/17 5:05:02 PM GMT+5:30,2018,,0,2,< 1 Year,Not Satisfied,Low Growth,Work
352,2020/01/17 5:33:24 PM GMT+5:30,2019,,0,1,< 1 Year,Very Satisfied,High Growth,Work
353,2020/01/17 5:49:48 PM GMT+5:30,2019,,0,3,< 1 Year,Satisfied,Mid Growth,Work
354,2020/01/17 5:49:49 PM GMT+5:30,2018,,0,2,2 Years,Very Satisfied,High Growth,Work
355,2020/01/17 5:54:50 PM GMT+5:30,2016,,1,3,< 1 Year,Very Satisfied,High Growth,Work
356,2020/01/17 6:13:46 PM GMT+5:30,2018,,0,3,1 Year,Very Satisfied,High Growth,Work
357,2020/01/17 6:14:23 PM GMT+5:30,2018,,0,2,1 Year,Satisfied,Mid Growth,Work
358,2020/01/17 6:15:06 PM GMT+5:30,2017,,0,2,2 Years,Very Satisfied,Mid Growth,Higher Studies
359,2020/01/17 6:34:58 PM GMT+5:30,2019,,0,3,1 Year,Very Satisfied,High Growth,Work
360,2020/01/17 6:39:31 PM GMT+5:30,2018,Automobile,0,3,1 Year,Satisfied,High Growth,Higher Studies
361,2020/01/17 6:48:12 PM GMT+5:30,2016,Computer Science,1,3,< 1 Year,Satisfied,Mid Growth,Higher Studies
362,2020/01/17 7:23:45 PM GMT+5:30,2014,Automotive,1,2,1 Year,Not Satisfied,High Growth,Work
363,2020/01/17 7:42:59 PM GMT+5:30,2018,Service,0,2,1 Year,Very Satisfied,High Growth,Higher Studies
364,2020/01/17 7:45:46 PM GMT+5:30,2018,Software Testing,0,2,< 1 Year,Not Satisfied,Low Growth,Higher Studies
365,2020/01/17 7:56:24 PM GMT+5:30,2016,Operation analyst,0,3,1 Year,Very Satisfied,High Growth,Higher Studies
366,2020/01/17 7:58:45 PM GMT+5:30,2018,Software,1,3,< 1 Year,Satisfied,Mid Growth,Higher Studies
367,2020/01/17 8:16:16 PM GMT+5:30,2018,Tech services,0,3,1 Year,Not Satisfied,Low Growth,Higher Studies
368,2020/01/17 8:16:54 PM GMT+5:30,2018,Tech Services,0,2,< 1 Year,Not Satisfied,Low Growth,Higher Studies
369,2020/01/17 10:10:34 PM GMT+5:30,2017,Automotive Industry,0,2,2 Years,Very Satisfied,Mid Growth,Higher Studies
370,2020/01/18 10:57:35 PM GMT+5:30,2019,It services,0,1,< 1 Year,Not Satisfied,Low Growth,Work
371,2020/01/18 10:59:50 PM GMT+5:30,2019,Information Technology,0,1,< 1 Year,Very Satisfied,High Growth,Work
372,2020/01/18 11:02:11 PM GMT+5:30,2019,Telecom/R&D,0,2,< 1 Year,Very Satisfied,High Growth,Work
373,2020/01/18 11:07:12 PM GMT+5:30,2015,Machine Learning,0,1,< 1 Year,Very Satisfied,High Growth,Work
374,2020/01/18 11:10:04 PM GMT+5:30,2019,Data Backup and Engineering Solutions,1,2,< 1 Year,Very Satisfied,High Growth,Work
375,2020/01/18 11:35:14 PM GMT+5:30,2019,Software,0,1,< 1 Year,Very Satisfied,High Growth,Work
376,2020/01/19 12:52:38 AM GMT+5:30,2019,Software,1,2,< 1 Year,Very Satisfied,High Growth,Work
377,2020/01/19 12:58:09 AM GMT+5:30,2015,"UI, BIGDATA",1,2,2 Years,Very Satisfied,High Growth,Work
378,2020/01/19 4:11:21 AM GMT+5:30,2019,Consulting ,1,1,< 1 Year,Very Satisfied,High Growth,Work
379,2020/01/19 7:55:41 AM GMT+5:30,2005,Banking,0,3,3 Years,Satisfied,High Growth,Higher Studies
380,2020/01/19 9:24:08 AM GMT+5:30,2019,Technology consulting,1,1,< 1 Year,Very Satisfied,High Growth,Work
381,2020/01/19 10:23:24 AM GMT+5:30,2019,IT,1,1,< 1 Year,Satisfied,High Growth,Work
382,2020/01/19 10:38:34 AM GMT+5:30,2019,Travel Tech,0,1,< 1 Year,Very Satisfied,High Growth,Work
383,2020/01/19 12:17:00 PM GMT+5:30,2019,Healthcare,0,2,< 1 Year,Very Satisfied,High Growth,Work
384,2020/01/19 1:04:11 PM GMT+5:30,2019,Web Scrapiny,1,2,< 1 Year,Satisfied,High Growth,Work
385,2020/01/19 1:08:38 PM GMT+5:30,2019,Networking,0,1,< 1 Year,Very Satisfied,High Growth,Work
386,2020/01/19 5:47:15 PM GMT+5:30,2019,Insurance Domain,0,2,2 Years,Not Satisfied,Low Growth,Higher Studies
387,2020/01/19 6:46:07 PM GMT+5:30,2019,Gaming,1,2,< 1 Year,Very Satisfied,High Growth,Work
388,2020/01/20 8:33:01 AM GMT+5:30,2019,IT,1,2,< 1 Year,Satisfied,Mid Growth,Higher Studies
389,2020/01/20 10:26:22 AM GMT+5:30,2016,Web development,1,3,< 1 Year,Very Satisfied,High Growth,Work
390,2020/01/20 10:29:11 AM GMT+5:30,2019,IT,1,3,< 1 Year,Satisfied,Mid Growth,Work
391,2020/01/20 5:02:22 PM GMT+5:30,2019,IT,1,2,> 3 Years,Very Satisfied,High Growth,Work
392,2020/01/20 11:06:36 PM GMT+5:30,2019,Telecom,1,1,< 1 Year,Very Satisfied,High Growth,Work
393,2020/01/22 1:13:06 AM GMT+5:30,2019,Healthcare,0,1,< 1 Year,Very Satisfied,High Growth,Work
394,2020/01/22 1:32:59 PM GMT+5:30,2019,Telecommunication,0,2,< 1 Year,Satisfied,Mid Growth,Work
395,2020/01/22 11:35:27 PM GMT+5:30,2019,Consulting,0,2,< 1 Year,Very Satisfied,High Growth,Work
396,2020/01/23 2:18:37 AM GMT+5:30,2019,Networking / Telecommunication,0,1,< 1 Year,Very Satisfied,High Growth,Work
397,2020/01/25 11:21:29 AM GMT+5:30,2019,IT,0,3,< 1 Year,Satisfied,Mid Growth,Work
398,2020/02/07 8:43:26 AM GMT+5:30,2019,IT,0,1,< 1 Year,Very Satisfied,High Growth,Work
399,2020/02/11 7:32:21 PM GMT+5:30,2019,IT,0,1,< 1 Year,Very Satisfied,High Growth,Work
400,2020/01/17 4:53:33 PM GMT+5:30,2018,,0,2,2 Years,Very Satisfied,Mid Growth,Higher Studies
401,2020/01/17 5:05:02 PM GMT+5:30,2018,,0,2,< 1 Year,Not Satisfied,Low Growth,Work
402,2020/01/17 5:33:24 PM GMT+5:30,2019,,0,1,< 1 Year,Very Satisfied,High Growth,Work
403,2020/01/17 5:49:48 PM GMT+5:30,2019,,0,3,< 1 Year,Satisfied,Mid Growth,Work
404,2020/01/17 5:49:49 PM GMT+5:30,2018,,0,2,2 Years,Very Satisfied,High Growth,Work
405,2020/01/17 5:54:50 PM GMT+5:30,2016,,1,3,< 1 Year,Very Satisfied,High Growth,Work
406,2020/01/17 6:13:46 PM GMT+5:30,2018,,0,3,1 Year,Very Satisfied,High Growth,Work
407,2020/01/17 6:14:23 PM GMT+5:30,2018,,0,2,1 Year,Satisfied,Mid Growth,Work
408,2020/01/17 6:15:06 PM GMT+5:30,2017,,0,2,2 Years,Very Satisfied,Mid Growth,Higher Studies
409,2020/01/17 6:34:58 PM GMT+5:30,2019,,0,3,1 Year,Very Satisfied,High Growth,Work
410,2020/01/17 6:39:31 PM GMT+5:30,2018,Automobile,0,3,1 Year,Satisfied,High Growth,Higher Studies
411,2020/01/17 6:48:12 PM GMT+5:30,2016,Computer Science,1,3,< 1 Year,Satisfied,Mid Growth,Higher Studies
412,2020/01/17 7:23:45 PM GMT+5:30,2014,Automotive,1,2,1 Year,Not Satisfied,High Growth,Work
413,2020/01/17 7:42:59 PM GMT+5:30,2018,Service,0,2,1 Year,Very Satisfied,High Growth,Higher Studies
414,2020/01/17 7:45:46 PM GMT+5:30,2018,Software Testing,0,2,< 1 Year,Not Satisfied,Low Growth,Higher Studies
415,2020/01/17 7:56:24 PM GMT+5:30,2016,Operation analyst,0,3,1 Year,Very Satisfied,High Growth,Higher Studies
416,2020/01/17 7:58:45 PM GMT+5:30,2018,Software,1,3,< 1 Year,Satisfied,Mid Growth,Higher Studies
417,2020/01/17 8:16:16 PM GMT+5:30,2018,Tech services,0,3,1 Year,Not Satisfied,Low Growth,Higher Studies
418,2020/01/17 8:16:54 PM GMT+5:30,2018,Tech Services,0,2,< 1 Year,Not Satisfied,Low Growth,Higher Studies
419,2020/01/17 10:10:34 PM GMT+5:30,2017,Automotive Industry,0,2,2 Years,Very Satisfied,Mid Growth,Higher Studies
420,2020/01/18 10:57:35 PM GMT+5:30,2019,It services,0,1,< 1 Year,Not Satisfied,Low Growth,Work
421,2020/01/18 10:59:50 PM GMT+5:30,2019,Information Technology,0,1,< 1 Year,Very Satisfied,High Growth,Work
422,2020/01/18 11:02:11 PM GMT+5:30,2019,Telecom/R&D,0,2,< 1 Year,Very Satisfied,High Growth,Work
423,2020/01/18 11:07:12 PM GMT+5:30,2015,Machine Learning,0,1,< 1 Year,Very Satisfied,High Growth,Work
424,2020/01/18 11:10:04 PM GMT+5:30,2019,Data Backup and Engineering Solutions,1,2,< 1 Year,Very Satisfied,High Growth,Work
425,2020/01/18 11:35:14 PM GMT+5:30,2019,Software,0,1,< 1 Year,Very Satisfied,High Growth,Work
426,2020/01/19 12:52:38 AM GMT+5:30,2019,Software,1,2,< 1 Year,Very Satisfied,High Growth,Work
427,2020/01/19 12:58:09 AM GMT+5:30,2015,"UI, BIGDATA",1,2,2 Years,Very Satisfied,High Growth,Work
428,2020/01/19 4:11:21 AM GMT+5:30,2019,Consulting ,1,1,< 1 Year,Very Satisfied,High Growth,Work
429,2020/01/19 7:55:41 AM GMT+5:30,2005,Banking,0,3,3 Years,Satisfied,High Growth,Higher Studies
430,2020/01/19 9:24:08 AM GMT+5:30,2019,Technology consulting,1,1,< 1 Year,Very Satisfied,High Growth,Work
431,2020/01/19 10:23:24 AM GMT+5:30,2019,IT,1,1,< 1 Year,Satisfied,High Growth,Work
432,2020/01/19 10:38:34 AM GMT+5:30,2019,Travel Tech,0,1,< 1 Year,Very Satisfied,High Growth,Work
433,2020/01/19 12:17:00 PM GMT+5:30,2019,Healthcare,0,2,< 1 Year,Very Satisfied,High Growth,Work
434,2020/01/19 1:04:11 PM GMT+5:30,2019,Web Scrapiny,1,2,< 1 Year,Satisfied,High Growth,Work
435,2020/01/19 1:08:38 PM GMT+5:30,2019,Networking,0,1,< 1 Year,Very Satisfied,High Growth,Work
436,2020/01/19 5:47:15 PM GMT+5:30,2019,Insurance Domain,0,2,2 Years,Not Satisfied,Low Growth,Higher Studies
437,2020/01/19 6:46:07 PM GMT+5:30,2019,Gaming,1,2,< 1 Year,Very Satisfied,High Growth,Work
438,2020/01/20 8:33:01 AM GMT+5:30,2019,IT,1,2,< 1 Year,Satisfied,Mid Growth,Higher Studies
439,2020/01/20 10:26:22 AM GMT+5:30,2016,Web development,1,3,< 1 Year,Very Satisfied,High Growth,Work
440,2020/01/20 10:29:11 AM GMT+5:30,2019,IT,1,3,< 1 Year,Satisfied,Mid Growth,Work
441,2020/01/20 5:02:22 PM GMT+5:30,2019,IT,1,2,> 3 Years,Very Satisfied,High Growth,Work
442,2020/01/20 11:06:36 PM GMT+5:30,2019,Telecom,1,1,< 1 Year,Very Satisfied,High Growth,Work
443,2020/01/22 1:13:06 AM GMT+5:30,2019,Healthcare,0,1,< 1 Year,Very Satisfied,High Growth,Work
444,2020/01/22 1:32:59 PM GMT+5:30,2019,Telecommunication,0,2,< 1 Year,Satisfied,Mid Growth,Work
445,2020/01/22 11:35:27 PM GMT+5:30,2019,Consulting,0,2,< 1 Year,Very Satisfied,High Growth,Work
446,2020/01/23 2:18:37 AM GMT+5:30,2019,Networking / Telecommunication,0,1,< 1 Year,Very Satisfied,High Growth,Work
447,2020/01/25 11:21:29 AM GMT+5:30,2019,IT,0,3,< 1 Year,Satisfied,Mid Growth,Work
448,2020/02/07 8:43:26 AM GMT+5:30,2019,IT,0,1,< 1 Year,Very Satisfied,High Growth,Work
449,2020/02/11 7:32:21 PM GMT+5:30,2019,IT,0,1,< 1 Year,Very Satisfied,High Growth,Work
450,2020/01/17 4:53:33 PM GMT+5:30,2018,,0,2,2 Years,Very Satisfied,Mid Growth,Higher Studies
451,2020/01/17 5:05:02 PM GMT+5:30,2018,,0,2,< 1 Year,Not Satisfied,Low Growth,Work
452,2020/01/17 5:33:24 PM GMT+5:30,2019,,0,1,< 1 Year,Very Satisfied,High Growth,Work
453,2020/01/17 5:49:48 PM GMT+5:30,2019,,0,3,< 1 Year,Satisfied,Mid Growth,Work
454,2020/01/17 5:49:49 PM GMT+5:30,2018,,0,2,2 Years,Very Satisfied,High Growth,Work
455,2020/01/17 5:54:50 PM GMT+5:30,2016,,1,3,< 1 Year,Very Satisfied,High Growth,Work
456,2020/01/17 6:13:46 PM GMT+5:30,2018,,0,3,1 Year,Very Satisfied,High Growth,Work
457,2020/01/17 6:14:23 PM GMT+5:30,2018,,0,2,1 Year,Satisfied,Mid Growth,Work
458,2020/01/17 6:15:06 PM GMT+5:30,2017,,0,2,2 Years,Very Satisfied,Mid Growth,Higher Studies
459,2020/01/17 6:34:58 PM GMT+5:30,2019,,0,3,1 Year,Very Satisfied,High Growth,Work
460,2020/01/17 6:39:31 PM GMT+5:30,2018,Automobile,0,3,1 Year,Satisfied,High Growth,Higher Studies
461,2020/01/17 6:48:12 PM GMT+5:30,2016,Computer Science,1,3,< 1 Year,Satisfied,Mid Growth,Higher Studies
462,2020/01/17 7:23:45 PM GMT+5:30,2014,Automotive,1,2,1 Year,Not Satisfied,High Growth,Work
463,2020/01/17 7:42:59 PM GMT+5:30,2018,Service,0,2,1 Year,Very Satisfied,High Growth,Higher Studies
464,2020/01/17 7:45:46 PM GMT+5:30,2018,Software Testing,0,2,< 1 Year,Not Satisfied,Low Growth,Higher Studies
465,2020/01/17 7:56:24 PM GMT+5:30,2016,Operation analyst,0,3,1 Year,Very Satisfied,High Growth,Higher Studies
466,2020/01/17 7:58:45 PM GMT+5:30,2018,Software,1,3,< 1 Year,Satisfied,Mid Growth,Higher Studies
467,2020/01/17 8:16:16 PM GMT+5:30,2018,Tech services,0,3,1 Year,Not Satisfied,Low Growth,Higher Studies
468,2020/01/17 8:16:54 PM GMT+5:30,2018,Tech Services,0,2,< 1 Year,Not Satisfied,Low Growth,Higher Studies
469,2020/01/17 10:10:34 PM GMT+5:30,2017,Automotive Industry,0,2,2 Years,Very Satisfied,Mid Growth,Higher Studies
470,2020/01/18 10:57:35 PM GMT+5:30,2019,It services,0,1,< 1 Year,Not Satisfied,Low Growth,Work
471,2020/01/18 10:59:50 PM GMT+5:30,2019,Information Technology,0,1,< 1 Year,Very Satisfied,High Growth,Work
472,2020/01/18 11:02:11 PM GMT+5:30,2019,Telecom/R&D,0,2,< 1 Year,Very Satisfied,High Growth,Work
473,2020/01/18 11:07:12 PM GMT+5:30,2015,Machine Learning,0,1,< 1 Year,Very Satisfied,High Growth,Work
474,2020/01/18 11:10:04 PM GMT+5:30,2019,Data Backup and Engineering Solutions,1,2,< 1 Year,Very Satisfied,High Growth,Work
475,2020/01/18 11:35:14 PM GMT+5:30,2019,Software,0,1,< 1 Year,Very Satisfied,High Growth,Work
476,2020/01/19 12:52:38 AM GMT+5:30,2019,Software,1,2,< 1 Year,Very Satisfied,High Growth,Work
477,2020/01/19 12:58:09 AM GMT+5:30,2015,"UI, BIGDATA",1,2,2 Years,Very Satisfied,High Growth,Work
478,2020/01/19 4:11:21 AM GMT+5:30,2019,Consulting ,1,1,< 1 Year,Very Satisfied,High Growth,Work
479,2020/01/19 7:55:41 AM GMT+5:30,2005,Banking,0,3,3 Years,Satisfied,High Growth,Higher Studies
480,2020/01/19 9:24:08 AM GMT+5:30,2019,Technology consulting,1,1,< 1 Year,Very Satisfied,High Growth,Work
481,2020/01/19 10:23:24 AM GMT+5:30,2019,IT,1,1,< 1 Year,Satisfied,High Growth,Work
482,2020/01/19 10:38:34 AM GMT+5:30,2019,Travel Tech,0,1,< 1 Year,Very Satisfied,High Growth,Work
483,2020/01/19 12:17:00 PM GMT+5:30,2019,Healthcare,0,2,< 1 Year,Very Satisfied,High Growth,Work
484,2020/01/19 1:04:11 PM GMT+5:30,2019,Web Scrapiny,1,2,< 1 Year,Satisfied,High Growth,Work
485,2020/01/19 1:08:38 PM GMT+5:30,2019,Networking,0,1,< 1 Year,Very Satisfied,High Growth,Work
486,2020/01/19 5:47:15 PM GMT+5:30,2019,Insurance Domain,0,2,2 Years,Not Satisfied,Low Growth,Higher Studies
487,2020/01/19 6:46:07 PM GMT+5:30,2019,Gaming,1,2,< 1 Year,Very Satisfied,High Growth,Work
488,2020/01/20 8:33:01 AM GMT+5:30,2019,IT,1,2,< 1 Year,Satisfied,Mid Growth,Higher Studies
489,2020/01/20 10:26:22 AM GMT+5:30,2016,Web development,1,3,< 1 Year,Very Satisfied,High Growth,Work
490,2020/01/20 10:29:11 AM GMT+5:30,2019,IT,1,3,< 1 Year,Satisfied,Mid Growth,Work
491,2020/01/20 5:02:22 PM GMT+5:30,2019,IT,1,2,> 3 Years,Very Satisfied,High Growth,Work
492,2020/01/20 11:06:36 PM GMT+5:30,2019,Telecom,1,1,< 1 Year,Very Satisfied,High Growth,Work
493,2020/01/22 1:13:06 AM GMT+5:30,2019,Healthcare,0,1,< 1 Year,Very Satisfied,High Growth,Work
494,2020/01/22 1:32:59 PM GMT+5:30,2019,Telecommunication,0,2,< 1 Year,Satisfied,Mid Growth,Work
495,2020/01/22 11:35:27 PM GMT+5:30,2019,Consulting,0,2,< 1 Year,Very Satisfied,High Growth,Work
496,2020/01/23 2:18:37 AM GMT+5:30,2019,Networking / Telecommunication,0,1,< 1 Year,Very Satisfied,High Growth,Work
497,2020/01/25 11:21:29 AM GMT+5:30,2019,IT,0,3,< 1 Year,Satisfied,Mid Growth,Work
498,2020/02/07 8:43:26 AM GMT+5:30,2019,IT,0,1,< 1 Year,Very Satisfied,High Growth,Work
499,2020/02/11 7:32:21 PM GMT+5:30,2019,IT,0,1,< 1 Year,Very Satisfied,High Growth,Work
500,2020/01/17 8:16:16 PM GMT+5:30,2018,Tech services,0,3,1 Year,Not Satisfied,Low Growth,Higher Studies
501,2020/01/17 8:16:16 PM GMT+5:31,2019,Tech services,0,3,2 Year,Not Satisfied,Low Growth,Higher Studies
502,2020/01/17 8:16:16 PM GMT+5:32,2020,Tech services,0,3,3 Year,Not Satisfied,Low Growth,Higher Studies
503,2020/01/17 8:16:16 PM GMT+5:33,2021,Tech services,0,3,4 Year,Not Satisfied,Low Growth,Higher Studies
504,2020/01/17 8:16:16 PM GMT+5:34,2022,Tech services,0,3,5 Year,Not Satisfied,Low Growth,Higher Studies
505,2020/01/17 8:16:16 PM GMT+5:35,2023,Tech services,0,3,6 Year,Not Satisfied,Low Growth,Higher Studies
506,2020/01/17 8:16:16 PM GMT+5:36,2024,Tech services,0,3,7 Year,Not Satisfied,Low Growth,Higher Studies
507,2020/01/17 8:16:16 PM GMT+5:37,2025,Tech services,0,3,8 Year,Not Satisfied,Low Growth,Higher Studies
508,2020/01/17 8:16:16 PM GMT+5:38,2026,Tech services,0,3,9 Year,Not Satisfied,Low Growth,Higher Studies
509,2020/01/17 8:16:16 PM GMT+5:39,2027,Tech services,0,3,10 Year,Not Satisfied,Low Growth,Higher Studies
510,2020/01/17 8:16:16 PM GMT+5:40,2028,Tech services,0,3,11 Year,Not Satisfied,Low Growth,Higher Studies
511,2020/01/17 8:16:16 PM GMT+5:41,2029,Tech services,0,3,12 Year,Not Satisfied,Low Growth,Higher Studies
512,2020/01/17 8:16:16 PM GMT+5:42,2030,Tech services,0,3,13 Year,Not Satisfied,Low Growth,Higher Studies
513,2020/01/17 8:16:16 PM GMT+5:43,2031,Tech services,0,3,14 Year,Not Satisfied,Low Growth,Higher Studies
514,2020/01/17 8:16:16 PM GMT+5:44,2032,Tech services,0,3,15 Year,Not Satisfied,Low Growth,Higher Studies
515,2020/01/17 8:16:16 PM GMT+5:45,2033,Tech services,0,3,16 Year,Not Satisfied,Low Growth,Higher Studies
516,2020/01/17 8:16:16 PM GMT+5:46,2034,Tech services,0,3,17 Year,Not Satisfied,Low Growth,Higher Studies
517,2020/01/17 8:16:16 PM GMT+5:71,2059,Tech services,0,3,42 Year,Not Satisfied,Low Growth,Higher Studies
518,2020/01/17 8:16:16 PM GMT+5:72,2060,Tech services,0,3,43 Year,Not Satisfied,Low Growth,Higher Studies
519,2020/01/17 8:16:16 PM GMT+5:73,2061,Tech services,0,3,44 Year,Not Satisfied,Low Growth,Higher Studies
520,2020/01/19 7:55:41 AM GMT+5:30,2005,Banking,0,3,3 Years,Satisfied,High Growth,Higher Studies
521,2020/01/19 7:55:41 AM GMT+5:31,2006,Banking,0,3,4 Years,Satisfied,High Growth,Higher Studies
522,2020/01/19 7:55:41 AM GMT+5:32,2007,Banking,0,3,5 Years,Satisfied,High Growth,Higher Studies
523,2020/01/19 7:55:41 AM GMT+5:33,2008,Banking,0,3,6 Years,Satisfied,High Growth,Higher Studies
524,2020/01/19 7:55:41 AM GMT+5:34,2009,Banking,0,3,7 Years,Satisfied,High Growth,Higher Studies
525,2020/01/19 7:55:41 AM GMT+5:35,2010,Banking,0,3,8 Years,Satisfied,High Growth,Higher Studies
526,2020/01/19 7:55:41 AM GMT+5:36,2011,Banking,0,3,9 Years,Satisfied,High Growth,Higher Studies
527,2020/01/19 7:55:41 AM GMT+5:37,2012,Banking,0,3,10 Years,Satisfied,High Growth,Higher Studies
528,2020/01/19 7:55:41 AM GMT+5:38,2013,Banking,0,3,11 Years,Satisfied,High Growth,Higher Studies
529,2020/01/19 7:55:41 AM GMT+5:39,2014,Banking,0,3,12 Years,Satisfied,High Growth,Higher Studies
530,2020/01/19 7:55:41 AM GMT+5:40,2015,Banking,0,3,13 Years,Satisfied,High Growth,Higher Studies
531,2020/01/19 7:55:41 AM GMT+5:41,2016,Banking,0,3,14 Years,Satisfied,High Growth,Higher Studies
532,2020/01/19 7:55:41 AM GMT+5:42,2017,Banking,0,3,15 Years,Satisfied,High Growth,Higher Studies
533,2020/01/19 7:55:41 AM GMT+5:43,2018,Banking,0,3,16 Years,Satisfied,High Growth,Higher Studies
534,2020/01/19 7:55:41 AM GMT+5:44,2019,Banking,0,3,17 Years,Satisfied,High Growth,Higher Studies
535,2020/01/19 7:55:41 AM GMT+5:45,2020,Banking,0,3,18 Years,Satisfied,High Growth,Higher Studies
536,2020/01/19 7:55:41 AM GMT+5:46,2021,Banking,0,3,19 Years,Satisfied,High Growth,Higher Studies
537,2020/01/19 6:46:07 PM GMT+5:30,2019,Gaming,1,2,< 1 Year,Very Satisfied,High Growth,Work
538,2020/01/19 6:46:07 PM GMT+5:31,2020,Gaming,1,2,< 1 Year,Very Satisfied,High Growth,Work
539,2020/01/19 6:46:07 PM GMT+5:32,2021,Gaming,1,2,< 1 Year,Very Satisfied,High Growth,Work
540,2020/01/19 6:46:07 PM GMT+5:33,2022,Gaming,1,2,< 1 Year,Very Satisfied,High Growth,Work
541,2020/01/19 6:46:07 PM GMT+5:34,2023,Gaming,1,2,< 1 Year,Very Satisfied,High Growth,Work
542,2020/01/19 6:46:07 PM GMT+5:35,2024,Gaming,1,2,< 1 Year,Very Satisfied,High Growth,Work
543,2020/01/19 6:46:07 PM GMT+5:36,2025,Gaming,1,2,< 1 Year,Very Satisfied,High Growth,Work
544,2020/01/19 6:46:07 PM GMT+5:37,2026,Gaming,1,2,< 1 Year,Very Satisfied,High Growth,Work
545,2020/01/19 6:46:07 PM GMT+5:38,2027,Gaming,1,2,< 1 Year,Very Satisfied,High Growth,Work
546,2020/01/19 6:46:07 PM GMT+5:39,2028,Gaming,1,2,< 1 Year,Very Satisfied,High Growth,Work
547,2020/01/19 6:46:07 PM GMT+5:40,2029,Gaming,1,2,< 1 Year,Very Satisfied,High Growth,Work
548,2020/01/19 6:46:07 PM GMT+5:41,2030,Gaming,1,2,< 1 Year,Very Satisfied,High Growth,Work
549,2020/01/19 6:46:07 PM GMT+5:42,2031,Gaming,1,2,< 1 Year,Very Satisfied,High Growth,Work
550,2020/01/19 6:46:07 PM GMT+5:43,2032,Gaming,1,2,< 1 Year,Very Satisfied,High Growth,Work
551,2020/01/19 6:46:07 PM GMT+5:44,2033,Gaming,1,2,< 1 Year,Very Satisfied,High Growth,Work
552,2020/01/19 6:46:07 PM GMT+5:45,2034,Gaming,1,2,< 1 Year,Very Satisfied,High Growth,Work
553,2020/01/19 6:46:07 PM GMT+5:46,2035,Gaming,1,2,< 1 Year,Very Satisfied,High Growth,Work
554,2020/01/19 6:46:07 PM GMT+5:47,2036,Gaming,1,2,< 1 Year,Very Satisfied,High Growth,Work
555,2020/01/17 8:16:16 PM GMT+5:43,2031,Tech services,1,3,14 Year,Not Satisfied,Low Growth,Higher Studies
556,2020/01/17 8:16:16 PM GMT+5:44,2032,Tech services,1,3,15 Year,Not Satisfied,Low Growth,Higher Studies
557,2020/01/17 8:16:16 PM GMT+5:45,2033,Tech services,1,3,16 Year,Not Satisfied,Low Growth,Higher Studies
558,2020/01/17 8:16:16 PM GMT+5:46,2034,Tech services,1,3,17 Year,Not Satisfied,Low Growth,Higher Studies
559,2020/01/17 8:16:16 PM GMT+5:47,2035,Tech services,1,3,18 Year,Not Satisfied,Low Growth,Higher Studies
560,2020/01/17 8:16:16 PM GMT+5:48,2036,Tech services,1,3,19 Year,Not Satisfied,Low Growth,Higher Studies
561,2020/01/17 8:16:16 PM GMT+5:49,2037,Tech services,1,3,20 Year,Not Satisfied,Low Growth,Higher Studies
562,2020/01/17 8:16:16 PM GMT+5:50,2038,Tech services,1,3,21 Year,Not Satisfied,Low Growth,Higher Studies
563,2020/01/17 8:16:16 PM GMT+5:51,2039,Tech services,1,3,22 Year,Not Satisfied,Low Growth,Higher Studies
564,2020/01/17 8:16:16 PM GMT+5:52,2040,Tech services,1,3,23 Year,Not Satisfied,Low Growth,Higher Studies
